name,n_test,LR_MAE,LR_RMSE,LR_R2,RF_MAE,RF_RMSE,RF_R2
F,249,0.10025834139831824,0.14736431141295758,0.9521356123465705,0.13511534049049564,0.18756447187025344,0.9224594234179792
AES,249,0.11055894474015897,0.15822116318377638,0.802510360962894,0.1413999440865262,0.18583297630137363,0.727566358580621
NWSA,231,0.12313801778024688,0.17106526430839522,0.9861117552864211,0.14939611323445529,0.19851136865530997,0.9812977239890902
PBCT,249,0.1434425347230867,0.19458601678560578,0.953238858589302,0.15633924723310547,0.2065188808703004,0.9473278103127958
HBAN,249,0.13746710847921434,0.1835490589560778,0.9601261324378733,0.1589911156442005,0.2102263469987495,0.9476931791061163
WU,249,0.16348116181862024,0.22861039125993035,0.8332524198043364,0.17315610940594042,0.2395944469055995,0.816844020057905
NWS,231,0.1347685372713745,0.18136632421609186,0.9838628969185484,0.17700383824652705,0.22151860484947933,0.9759268630833353
RF,249,0.15715093258963733,0.21091283825132473,0.9794384932643885,0.1781595179230719,0.23421618735600627,0.9746438846652792
HST,249,0.1750960802100802,0.24041056826402324,0.9298151543520146,0.18528978857113457,0.24965664862473,0.9243127873481378
HPQ,114,0.17912108576251595,0.2812068544995385,0.9467666473410526,0.1860742159207815,0.2877494746991883,0.9442607535668036
NI,249,0.1762437076379927,0.22725806120799946,0.9706273590327725,0.1869279203403113,0.24012773040786975,0.967206404579252
CNP,249,0.18387033323616,0.23792490249458856,0.9329480334476542,0.18735928549796582,0.2414914184574822,0.9309227365070882
KMI,249,0.1742271519813817,0.23624490783942487,0.968775113142325,0.1894695996773833,0.25231437264001466,0.9643827863855146
KEY,249,0.19277953039388251,0.2591835915462148,0.9467673701194453,0.1921169587539694,0.262277994301353,0.9454886895221833
PFE,249,0.19262813039837984,0.3029739343010338,0.9569998969505731,0.19426034067445186,0.301665729927332,0.9573704336199383
KO,249,0.20093802697442212,0.2847379136474758,0.9687934054599265,0.20558510222430806,0.28725357573472393,0.9682395484548284
DRE,249,0.2028726427583603,0.26528499056624566,0.9590323696856725,0.20856081228380424,0.27071928483791996,0.9573367560830337
PPL,249,0.21635251615887152,0.2942285959187434,0.9870219525277406,0.21387097910501793,0.2890800434591235,0.9874721708351012
BSX,249,0.21480423705940624,0.3247387528023535,0.9546909696391185,0.2224290052413044,0.3303370841591884,0.9531152943945039
LUK,249,0.21589337779733955,0.3052332457458956,0.9173836819963338,0.22325342143825594,0.3074416696539293,0.9161838658403771
GE,249,0.2338793288156363,0.3303681347329386,0.9949730412376053,0.23618276911009295,0.334414968892138,0.9948491317959813
NAVI,189,0.22417496754566438,0.3266863604869606,0.9352934881018435,0.23955753899628615,0.34520959400108786,0.9277476964109356
IPG,249,0.23684859356758636,0.36877422677824495,0.9699639474664277,0.24030699842738226,0.3691427033239652,0.969903893865042
HCP,249,0.24233092575250867,0.3356824330029095,0.9848890971189913,0.24575730260147075,0.338794341477737,0.9846076304324611
COTY,232,0.2348922109425766,0.35981588948851484,0.9420334399926863,0.24744700625696844,0.3708636287673313,0.938419198206554
CA,249,0.24411372698119244,0.4552722762087838,0.8155795515760756,0.2475075086451543,0.45935523269021833,0.8122568933260134
GLW,249,0.24488954804533514,0.37663347188582286,0.9647271723964694,0.24816395170316013,0.3772940106207584,0.9646033411303465
KIM,249,0.24149945592887823,0.32102997698194824,0.9747609703293938,0.24858099455367128,0.32522337011679014,0.9740973038783785
UDR,249,0.24669184909552613,0.3377531356509655,0.9436006538459955,0.25032527515878594,0.3397722540490081,0.9429243176186735
WY,249,0.2527590396431728,0.3425578547157352,0.9328935993761208,0.2522294152327539,0.3418168701110938,0.9331836001999215
BAC,249,0.24812522830774408,0.3470908726368273,0.982807909787796,0.2525858435116403,0.3465373500813783,0.9828627001754328
CSCO,249,0.24969354550331277,0.38781348998077814,0.9827641499522481,0.25450336687694036,0.3923960721101279,0.9823544099087312
FE,249,0.26157382989383043,0.3830047668707976,0.9312303808854642,0.26622864902879007,0.3851127464336506,0.9304713100180995
CHK,249,0.10969341610664878,0.14413306298226464,0.9668599909640994,0.26736618593559236,0.3361644496370061,0.8197277173705159
HPE,114,0.24198913321519996,0.47668979376370074,0.8299073852292073,0.2684911604564731,0.495924504134579,0.8159037738062309
FITB,249,0.26732392035071545,0.3551809341106121,0.9788596917298119,0.2685188271261562,0.3586203776329446,0.978448279166154
FCX,249,0.26048267462868435,0.36103876070079316,0.9749800830185922,0.2694405395489683,0.3642295112914385,0.9745358920316121
PHM,249,0.2620622633442684,0.3511944445614899,0.9928315519944941,0.26961501154773926,0.3595823828169934,0.9924850399376747
HBI,249,0.26567158677363123,0.36699590257369585,0.9474159893287157,0.26986625838130235,0.37313676234594695,0.9456415137428866
LNT,249,0.2681411016155418,0.33705783818676266,0.9662468105494725,0.27358157148965284,0.34135679194305335,0.9653803197942677
L,249,0.2686000465409299,0.3858415650705894,0.9479749734717446,0.27481156884835256,0.3906696878104882,0.9466648255111426
XEL,249,0.2732089034406618,0.34240291980563625,0.9794257656426972,0.2749474475708699,0.34725175239999945,0.9788389284419596
LKQ,249,0.2746679684814167,0.3738391160637543,0.9915393028317855,0.2774170513212763,0.3783171577558898,0.9913353954803951
EXC,249,0.278215627472115,0.3745996373606108,0.9654307920452224,0.2785586369770658,0.37580313959820394,0.9652083094414559
CMS,249,0.27511360978315014,0.34980706887033947,0.9623041792396396,0.2803635561314367,0.356843814912244,0.9607723412886835
GGP,249,0.2779661080033122,0.4075434325936627,0.8946441140805808,0.28224063543249844,0.4098311513402199,0.8934579773203627
JNPR,249,0.2821460509444457,0.4334478790526298,0.8895204241348481,0.28370765313616997,0.43601995157803886,0.8882053659687579
WMB,249,0.28175288731374754,0.37561992344985595,0.9103051264385427,0.2853427098679527,0.37495769783401056,0.9106211154424175
CAG,249,0.2875677161776215,0.389759725588685,0.977580297151617,0.28733984597419393,0.38914784840723526,0.977650634519888
XRX,249,0.28532251576092094,0.41474082730405526,0.9466385349621952,0.28759190621430814,0.4184800206741572,0.9456720119066179
HRL,249,0.2878301147454941,0.42055491311167514,0.9446526170255416,0.2903646605817106,0.4182770801846501,0.9452505445166015
MRO,249,0.27419198161175,0.49176031949096904,0.9465957024267009,0.2974253143767836,0.5078414816997864,0.9430458221582154
AIV,249,0.29836717183850126,0.39120292880007296,0.9102652837678574,0.3011193489009971,0.39476464922212656,0.9086238598536532
IVZ,249,0.3036749257122582,0.42510297390067703,0.9616360160128836,0.3047244506612643,0.42508318932430766,0.9616395869006689
SO,249,0.3124498544749835,0.40328883705310536,0.9588018081837603,0.30985383395109184,0.40075108749699667,0.9593186672372719
UA,90,0.30942198565563667,0.5095460366640868,0.8841718341012823,0.3117032037547498,0.4896259076138456,0.8930511539896221
PEG,249,0.3070711293650433,0.40557593080988075,0.9816555932462505,0.3118792692092752,0.41349460771495145,0.9809322686177264
T,249,0.30947809450401953,0.44656085274036933,0.9589637494033715,0.31237335476334344,0.4482078621977175,0.9586604907095085
DISCK,249,0.3106464870436394,0.4425058666061863,0.9860480071595121,0.31324659968875773,0.4447348601089904,0.9859070950065117
BLL,249,0.3135273410847268,0.4475961413352671,0.9497326196900242,0.3137310683705805,0.44548326520847986,0.9502060735874281
MAT,249,0.3117536610688482,0.5034523334674623,0.9833592467605109,0.31490248966300005,0.507963315594091,0.9830597052333274
MDLZ,249,0.31494974315161406,0.4700388157511374,0.9169224705115396,0.3168391114923022,0.47111870533366007,0.916540299452987
CTL,249,0.3166248806169358,0.4388436155736906,0.9851623952963724,0.32076835069637133,0.44221460170114774,0.9849335690698096
CSRA,110,0.32248890043254935,0.45234072892732297,0.9036324996453304,0.3222367636766173,0.45675453221527357,0.9017426747109198
AMD,249,0.30447411606022634,0.45857511951394603,0.8663064118107744,0.3230938218521503,0.4816177065909563,0.8525331192014487
PGR,249,0.32446553974837566,0.45552173004066954,0.9934879054414402,0.3235880337210745,0.45332606818837284,0.9935505320819663
MAS,249,0.32160958154227604,0.425777287066644,0.9835686674636632,0.3247731350248769,0.4284957833054301,0.9833581765968011
COG,249,0.3146576361610964,0.42286137459803086,0.9586982904740928,0.32556449029041173,0.4344410133202077,0.9564053064080941
INFO,181,0.32494160591080157,0.5105002398146022,0.8916932076330136,0.3259695874630064,0.5103231234868277,0.8917683479448879
CDNS,249,0.32565161208881044,0.47201003006410797,0.9906670367276812,0.3261390360139779,0.47499574068953526,0.9905485915343342
UAA,249,0.32547155762834606,0.4899335994710558,0.9718505646122981,0.3272575729577358,0.488999583567247,0.9719577912186619
DISCA,249,0.3316099016829158,0.46384998683992035,0.9830867211855091,0.32764172424200155,0.45829479394182226,0.9834894112991998
GT,249,0.33111448596391607,0.4943153823031622,0.9444441888653934,0.3295029571159878,0.4937906248446482,0.9445620806120104
IRM,249,0.3324140312529717,0.46623569124198144,0.9590123063976297,0.33076340602910426,0.4628814627062967,0.9595999385843865
SYMC,249,0.3332257510331098,0.4670480134132168,0.9278707427534861,0.332494868950696,0.46624623779374924,0.9281181770170032
NRG,249,0.33255275685813174,0.5048528494363937,0.9887862567489251,0.3351373980788818,0.5077759511835794,0.9886560255039206
MOS,249,0.3362559840501856,0.46038480096530543,0.9806205236382369,0.33712562265503093,0.4629953377556874,0.9804001242269224
CHD,249,0.3355436668203364,0.46520499825804307,0.9564624139157518,0.34171209046823076,0.4660979007699801,0.9562951236768724
ORCL,249,0.33751954618003926,0.5806575680907516,0.9566730629103647,0.34179401173797264,0.5806765766431798,0.9566702261408779
CBG,249,0.3388744929243433,0.4554160313202713,0.9845016368740395,0.3431658067848821,0.45926258107336393,0.9842387256773859
INTC,249,0.34307189137457195,0.5748651640869439,0.983161255715238,0.3462877718330656,0.5809197962289891,0.9828046875888975
ADM,249,0.34452165790177286,0.5206876277065844,0.9177394616375953,0.34787476429090014,0.525840461211517,0.916103270521845
USB,249,0.3546392181665272,0.48193449378506437,0.9280702171429788,0.3482340445497175,0.4762544382497296,0.9297557470328748
KR,249,0.34523580178657787,0.5799791555826959,0.9773627325181842,0.34884420679025674,0.5825707520078599,0.9771599744195217
FLIR,249,0.35502496068280454,0.5277994815554249,0.9896447617172897,0.35059587862504493,0.5239694091129837,0.9897945057371914
ABT,249,0.3517080157728884,0.5085139149690748,0.9910725554287091,0.35069884101578325,0.506843203059857,0.9911311209300873
EBAY,249,0.3524736335551899,0.585779337058229,0.932485881801269,0.35305763352833747,0.5825697849878254,0.9332236901509308
HOLX,249,0.3558999117589734,0.530597264311842,0.9646895109470973,0.3533200803203585,0.5325085283825652,0.9644346690086293
SYF,175,0.3522227033513561,0.4873654232453638,0.9834746170760866,0.35652141886887395,0.48887738521679136,0.9833719240814329
ARNC,249,0.34994704361169965,0.5142390132641851,0.9268306795531731,0.35750374493483666,0.5227496587874298,0.9243887367217338
FOX,231,0.3553128794969593,0.4888703124377584,0.9791430456137408,0.3597051266928851,0.4891602396935129,0.979118299612611
HRB,249,0.3509635911304814,0.5265971340749143,0.9634608413025093,0.3599340022758127,0.5322189623985412,0.9626765097697784
BEN,249,0.35895637623421045,0.4989042356620819,0.8884990407157963,0.36016218817503426,0.5020641310091358,0.8870821470009058
SEE,249,0.3619879977056292,0.5187680578632414,0.9265124239665081,0.36091897623790886,0.5204249612314757,0.9260422475201662
FOXA,231,0.3612619548775726,0.5118611827521327,0.977407935422756,0.36240319908075114,0.5134053521058675,0.9772714195216519
AEE,249,0.3665160752805163,0.46973645499397076,0.9751279406293616,0.3646369500120486,0.4678414276936798,0.9753282153057379
RSG,249,0.3590994958312551,0.5274143328000227,0.9241290078938081,0.36471069046435295,0.5323518262885663,0.9227017958872519
HIG,249,0.3595261479012911,0.5082335698675177,0.9759975510753183,0.36690935067407243,0.5135401036454056,0.9754937089206915
AJG,249,0.3803926290774011,0.5666119774932313,0.9765595881974544,0.371788508097383,0.5668100116479562,0.9765432002158182
BBT,249,0.370059826204892,0.5169183116772971,0.9733241026564731,0.37249908160422635,0.5234211202577228,0.972648717933119
DHI,249,0.3763031004205498,0.5190323580680237,0.9944133878633529,0.3732175769719931,0.5147861992707402,0.994504421146934
BK,249,0.37261910345649496,0.5315564382095341,0.9730724167455602,0.37454170548542115,0.5320858497269557,0.9730187521831164
PWR,249,0.37459448688518815,0.49877825259379827,0.9537127611576091,0.3754927226121177,0.5000648637497541,0.9534736549508955
VZ,249,0.3741618331192862,0.5387846466732032,0.9593598774738405,0.37629711076816474,0.5410401304227753,0.9590189063692958
GM,249,0.37440114735528596,0.523183292065845,0.9834828571899502,0.37654610639095293,0.5229438102088133,0.9834979748390996
JCI,249,0.37580993407122193,0.531487646367836,0.9245641910613225,0.38078433564591596,0.5401923259952633,0.9220729881123403
WEC,249,0.38340630575410245,0.4852736932570261,0.9721403404499809,0.38306751320064886,0.48492461193765174,0.9721804076900096
FTI,249,0.3865300385368975,0.5127211877879931,0.9623730355274037,0.3866108848931304,0.5144826610449246,0.9621140536671906
CMCSA,249,0.38550756956366483,0.5196388227264365,0.9145317687222003,0.3870392435286016,0.5224877455831344,0.9135920395827638
MGM,249,0.3860103108942651,0.5162540600152739,0.9627162328167419,0.3878836408951344,0.518096170154089,0.9624496844440682
ES,247,0.3844803036505284,0.5427820558703207,0.9272384257101011,0.39200472787848295,0.5438351276580414,0.9269558169170612
UNM,249,0.3945094452635337,0.5614836337212484,0.9758228447957915,0.39256092804892273,0.55913845197502,0.976024387312503
GPS,249,0.390913919984894,0.5417579148090326,0.9816289348,0.3935718420401532,0.54487023259563,0.9814172504779832
SYY,249,0.3905613785764813,0.6190379937440585,0.9701022999873979,0.39357868088930564,0.6208861541114923,0.9699235121623742
LEG,249,0.3897223732645259,0.5680802699971023,0.9521054776685783,0.3943683622571971,0.5764024550591907,0.9506919215819218
NEM,249,0.39242642244552317,0.5315435456780155,0.9420254936939092,0.39486854693931817,0.5366260583922341,0.9409115120103022
MON,249,0.3939050447277307,0.5415541673495722,0.9557272941385719,0.39548948451019506,0.5501449653568689,0.9543115370827587
XL,249,0.39950469702031866,0.6301012962159401,0.9529307727380719,0.39780749259007053,0.6297476983481358,0.9529835861777797
AME,249,0.39884369890308213,0.5689523000885701,0.9929462873554857,0.40066497817381097,0.5728806195185256,0.9928485466648992
EQR,249,0.3985296346699935,0.5289598859836866,0.953006407898755,0.40461007365647284,0.5354595326263649,0.9518444357946055
CFG,167,0.407493188746687,0.5348513772729977,0.9816975780479936,0.4072833817612288,0.5330201788021426,0.9818226894129846
WM,249,0.40457732935640994,0.6429264648644101,0.9846920679099409,0.4074252125522247,0.6529077000186266,0.9842130765999841
ETFC,249,0.41459090403768817,0.5882585101976195,0.9903551780328727,0.41746953559599437,0.5877023581030973,0.9903734062513557
BAX,249,0.41642428991386166,0.5936591960885177,0.9884050635121805,0.41814530782746195,0.5949605971486132,0.9883541716796982
AEP,249,0.41735501786980167,0.5341100696733782,0.9745272047650541,0.4226542889189669,0.5388735624066628,0.9740708173325154
SBUX,249,0.41814710279318484,0.6345212833880589,0.9412184453172063,0.42268885886368895,0.635424806254241,0.9410509228295146
TXT,249,0.42269609811440917,0.5766100768278535,0.9803500420806563,0.4233147763343448,0.5789302094896256,0.980191591046489
NLSN,249,0.4193254630117333,0.5540350516272848,0.9485767388102628,0.4238584440017833,0.5597607328150304,0.9475083782079288
EXPD,249,0.4199205047082121,0.642759631043746,0.9703936008592043,0.42538998276024315,0.6476343353438838,0.969942826707822
M,249,0.43458523549333167,0.6537278695546295,0.9710737603410033,0.43371676448740376,0.6523606604141173,0.9711946267303637
ZTS,249,0.4411017424533302,0.6404808372655112,0.9915569589842933,0.4351670104817449,0.6366665990782743,0.9916572207765976
AOS,249,0.42947979364991845,0.5843926701979244,0.9837740877063654,0.4368702590415493,0.592821468182369,0.9833026539044118
TPR,249,0.43643214909203354,0.7774044241092884,0.9457051870433909,0.43741505391875474,0.7781124012503318,0.9456062501488924
RRC,249,0.4329542427229115,0.5493831421802468,0.9859120326500445,0.44020836203091573,0.5576770054778482,0.9854834587012538
MNST,249,0.43988547059412125,0.6756329465872004,0.9904543918927752,0.44082541595544383,0.6813731403022748,0.9902915034369062
TMK,249,0.43622765950294734,0.6339403484399901,0.9866906634867253,0.442348820941388,0.6402911162341735,0.9864226638680206
PDCO,249,0.4438115519531595,0.6392434568772897,0.9756459973414595,0.4434423391480252,0.641098914391645,0.9755044131063546
NBL,249,0.44217202406445605,0.6043564283777164,0.9713232460907384,0.44463517719114615,0.6126251532011763,0.9705331748704005
NDAQ,249,0.44159314563716284,0.6286607147169682,0.9738726419537224,0.4456707711123354,0.6331948494648693,0.9734944024172765
YUM,249,0.443292898491786,0.6764276986335429,0.9883228144160421,0.4468108937777519,0.6862561027257189,0.9879810132704597
XYL,249,0.44524486490907905,0.6394653429478505,0.9933147608596298,0.4482338636240389,0.6400965233319189,0.9933015570970929
GRMN,249,0.4449345416448734,0.6331100919241361,0.9788780943729419,0.45065713312769445,0.632578743476771,0.9789135333347206
BF.B,249,0.45456905753261784,0.7242165041614841,0.9898920576882557,0.45380811425729894,0.7241411033742614,0.9898941623272088
SCHW,249,0.4500256456195609,0.626268939019239,0.9825566251540534,0.4538125731278686,0.62774099521892,0.9824745268593984
CTSH,249,0.45292423278897853,0.6367706740180262,0.9885441816669657,0.45526845785077175,0.6365856029144624,0.988550839740048
PG,249,0.45221797506947475,0.6750861424406503,0.9141832096350602,0.4559405479653467,0.6766365517933552,0.9137885816629846
AIG,249,0.45263834662393015,0.6932540822382669,0.8588561395707464,0.45756059184692,0.6954020499915484,0.8579801486721914
MS,249,0.4583807115299839,0.6163737701445197,0.976952809076346,0.45998214229251083,0.6190902611820783,0.9767492136187892
AFL,249,0.45262638897194124,0.7332931413155226,0.9836339069412514,0.4634879132809632,0.7355849282356118,0.9835314480259884
NOV,249,0.4654391948227962,0.6170594756027185,0.9516483109691563,0.4636492931402755,0.6159899489429574,0.9518157781453817
DUK,249,0.46874405370869465,0.6004640862164493,0.9659822458084086,0.4701686924655743,0.5991910967752905,0.9661263288275043
O,245,0.46626312303613976,0.6140116707438751,0.9339438150468262,0.4719809280899527,0.6162211511465404,0.9334675620746711
GIS,249,0.47299286153108483,0.6617135077232962,0.9467193326600717,0.4725444252362219,0.6637214066590919,0.9463954930919806
CL,249,0.47523101264599044,0.7143522637217314,0.8450749741216474,0.4731809263250275,0.7179105878689006,0.8435277081927909
MMC,249,0.46277800079980935,0.6592298232756922,0.9720851777888635,0.47350962870746816,0.6678743420683075,0.9713482804157229
WFC,249,0.4730719409124479,0.7014785575248512,0.9612906638654858,0.47408005824421523,0.6986167044418108,0.961605867955071
NTAP,249,0.47831726557518905,0.7893034653032214,0.9889747078103702,0.4741795934059899,0.7845237906389918,0.9891078321565507
PAYX,249,0.46337031876275325,0.6180340064487012,0.9789026440303316,0.47450388219990736,0.6284929007445026,0.9781825475013054
PKI,249,0.47407988024491576,0.71662304101102,0.9893157678016351,0.47519078494284683,0.717013151740609,0.9893041322056151
APH,249,0.483504305667262,0.6443000158899569,0.9928806896958711,0.4803935221426431,0.6411491202398514,0.9929501522192401
PLD,249,0.47779121344949677,0.6375869554342867,0.9855765604498757,0.4813296757812835,0.6408762618467325,0.9854273557300183
ZION,249,0.48013928957263197,0.6322984906869505,0.9730394302382143,0.4821173414772027,0.6358473583771946,0.9727359406556013
EVHC,57,0.48078892648810206,0.6171489866704003,0.9274656532627549,0.4821653839253672,0.6157115387654736,0.9278031501137801
FBHS,249,0.48429521404897385,0.6913734920438789,0.9580333623860309,0.4821726928194403,0.686474992386538,0.9586259373122623
XOM,249,0.4879219593709474,0.7297810366106848,0.9098114230269523,0.48287508254220135,0.729248665351837,0.9099429591753174
A,249,0.48069785837348794,0.6874270274102836,0.9884607612798784,0.48293642007685916,0.689451459949864,0.9883926964324464
IP,249,0.4760256000780109,0.6339718236618459,0.9613257200429433,0.4829561463253775,0.6408567056145322,0.9604811598728424
MET,249,0.4811798101650363,0.7493759726731263,0.8938552086118857,0.4832677224581022,0.750034914800899,0.8936684558241246
TWX,249,0.4761374529521523,0.781532692363828,0.9637214120424136,0.4833158501384925,0.7809732151979746,0.9637733350821808
MRK,249,0.4873029379253006,1.0672517020709504,0.9079655047360103,0.4861480928951696,1.0629735469720947,0.9087018796346518
D,249,0.4796598164463723,0.6579569404486346,0.9227594137849626,0.4864593035044757,0.6612906541963597,0.9219747109288257
PCG,249,0.48650000207940614,0.91515102545808,0.9890610346368351,0.48751028034706106,0.9111187407987841,0.9891572195193464
EMR,249,0.4871864614698521,0.6584984129006874,0.9768259147129152,0.48958458692492074,0.6638866859433323,0.976445111435577
RHI,249,0.48743781497678634,0.7023742060002753,0.970325627920259,0.4902941813289422,0.7027524808557143,0.9702936560983073
FIS,249,0.4894855518250227,0.7176752013371884,0.9849980888408673,0.4933712406656771,0.7212160447614536,0.984849691744684
ED,249,0.49264899380415256,0.6123541307180401,0.9712058030706794,0.49507525133109365,0.6161115231518602,0.9708513577540936
VTR,249,0.49466634698946116,0.6587197440436167,0.9711620859667284,0.49634689080021827,0.6679854771475503,0.9703450960327353
BMY,249,0.4952065102122637,0.712368245487867,0.9647504957097173,0.4997549484660075,0.7119809670374218,0.9647888120235273
TSS,249,0.5015857287797532,0.7334143336628958,0.9942851479508674,0.5010663112943763,0.7386016513318954,0.994204021668356
MO,249,0.5034332608039199,0.7904596611669569,0.9686516309552708,0.5018379406902905,0.79338889056287,0.9684188633370703
KORS,249,0.5064227289191745,0.9133596032376361,0.9926765075920667,0.5055355343802606,0.910159268307569,0.9927277394765173
FAST,249,0.5072078269132932,0.7260428277182859,0.9728247792340271,0.5063578335996198,0.7262954624482033,0.9728058640991516
HCN,249,0.5024161607952721,0.6746141501575417,0.9769994217826076,0.5068160472654554,0.6771814806336918,0.9768240253823364
CPB,249,0.5072074587164994,0.7760515984071312,0.9753824147682265,0.511937684737434,0.7752904805148915,0.9754306788178295
BWA,249,0.5101591726167641,0.697212461085655,0.9835395203111398,0.5133451927930002,0.7017466334424727,0.983324729723119
PFG,249,0.5099802419311934,0.7700092509878269,0.9507358188351867,0.5139466504928478,0.773113707540687,0.9503377799494052
CCL,249,0.5218485118733845,0.7086886199028175,0.9691641825602446,0.5219649132466659,0.7080268038339492,0.9692217483513825
VIAB,249,0.5217251694725258,0.7689274561138214,0.9856813581846771,0.52231308332042,0.7730882838553196,0.9855259765696234
DHR,246,0.5299397793686603,0.8173194353879385,0.9777374567867648,0.5232370720713249,0.8136544492402557,0.9779366664803482
ICE,248,0.5270889177898926,0.823402079352214,0.9697046484455317,0.5244121318676308,0.8280940731585514,0.9693584006044818
FLS,249,0.5285444390335832,0.794013168069671,0.9493992500027,0.5254898613288314,0.7939433927788984,0.9494081428701081
KHC,128,0.5288820822759961,0.7379407628490645,0.9252842933624834,0.5256647582374249,0.7317099075903162,0.9265407013434335
MYL,249,0.5237997282089819,0.7671275529805104,0.9634715892505001,0.528067892707917,0.7720825115601244,0.962998183490999
PNW,249,0.5266730919890487,0.6888901753643959,0.9600792331981416,0.5287699301657183,0.6886332139461501,0.9601090091596707
NKE,249,0.5273452828892876,0.8098810689700946,0.9639591252529656,0.5307249077559378,0.8142943979048163,0.963565256006583
CINF,249,0.5363901074251332,0.7660112395748001,0.9100729771016028,0.5333324554833377,0.7680667902684617,0.9095897007167624
JEC,249,0.5338587140426991,0.8125219444880438,0.9782101659059396,0.5375974105216335,0.8186416726240435,0.9778806977989456
FTV,78,0.5312351794299958,0.7540079055504133,0.6140617702417468,0.5381258249889407,0.7627827136978063,0.6050267471751049
VFC,249,0.5399443767477947,0.7375480308908627,0.9928272037354055,0.5387171832409285,0.7413129451957458,0.9927537878021134
STI,249,0.5377784639448646,0.7512182784366245,0.9709214957007569,0.5398161141418718,0.7529839099081858,0.970784645307877
AXP,249,0.5375614348987074,0.7964923737216142,0.9895082973125068,0.5400714481835465,0.8048727224151178,0.9892863575183113
MSFT,249,0.5378528863441485,0.828297109799162,0.9898913520215276,0.5465951041867706,0.8311407213614675,0.9898218252538675
AWK,249,0.5447422823000377,0.746165633416057,0.9756406983129798,0.5482624074374439,0.75362339959131,0.9751513328843993
ETR,249,0.5509783696251006,0.7035141883223226,0.9638549859597265,0.5495478700845072,0.6997677067694776,0.964238932887754
EIX,249,0.5566129829624878,1.0020622718877494,0.9723087680072207,0.5508470619124021,0.994202462302522,0.9727414641416925
HAL,249,0.5567513088149062,0.7890819207197065,0.9682304999107131,0.5531880708894021,0.7872029901955019,0.9683816163232619
ALL,249,0.5434294720588572,0.8155560606512464,0.987985250405938,0.5540542005706472,0.8238703720277225,0.9877390292856111
PNR,249,0.5521629371460836,0.8049630478188013,0.9597824012203573,0.5548598661142422,0.8050332153527988,0.9597753894880027
QCOM,249,0.5518092476030921,0.9031455329166177,0.9715417408360032,0.5562939910905441,0.9065459252780002,0.971327043615452
SNPS,249,0.5552432491751421,0.8151155408421626,0.9862947537116334,0.5565931883937514,0.8208823863145276,0.9861001417362447
WRK,130,0.5532057243617414,0.768175696228877,0.967159338212539,0.5571112238184401,0.7675839661240136,0.9672099134227085
C,249,0.5483791438231381,0.7613609234210301,0.9855521392259528,0.5577159171156041,0.7710198165596085,0.9851832326235557
VRSK,249,0.5547382428084372,0.8519614696379287,0.9815450484378131,0.5582798100187992,0.8518924576796703,0.9815480381522748
LEN,249,0.5587555443809089,0.7801504038496346,0.9829506525289757,0.5597041946217733,0.7825493888672583,0.9828456368422116
MDT,249,0.5557546144152063,0.7999938860951146,0.9317980140096711,0.5615819816039154,0.8036856069013246,0.9311671000885643
DVN,249,0.5619588878395796,0.7463276004745656,0.9705834210045875,0.5623458515417333,0.7437506308767748,0.9707862133342103
XRAY,249,0.5633539662037161,0.834406938122364,0.9355156708719757,0.5634330519938519,0.8340663477990135,0.9355683028794594
FLR,249,0.5698774788064507,1.1577174987484673,0.9615243677436065,0.5639431379704752,1.153538522173479,0.9618016349853923
OXY,249,0.5616294063491106,0.7791699930770465,0.9751950642719723,0.5681735150382732,0.7831687529866391,0.9749398093054065
CF,249,0.5718320137390283,0.7848683079600849,0.9764887418036491,0.5733997163787642,0.789708872314902,0.9761978427984622
OKE,249,0.5737110253783357,0.7902599586671967,0.9075214771146008,0.5740470036915041,0.7887655767467597,0.9078709002750579
TSN,249,0.5714089950478571,0.829679347307484,0.9884321132917384,0.5755896464079199,0.8307031045447215,0.9884035480050465
DAL,249,0.5695880634749617,0.7887205752609621,0.9498932301531853,0.5784417523029944,0.7979726873666495,0.9487107770374413
PEP,249,0.5736781424109172,0.7745504388126684,0.9421484137882532,0.5805838507632947,0.7754713369397795,0.9420107672632474
SNI,249,0.5906388461488812,1.0466981170456289,0.9784007726692342,0.581245613212024,1.0366654290066806,0.9788128490273886
NFX,249,0.5800374225730177,0.8011466076817618,0.9568172901597785,0.5825700456378111,0.806510722046669,0.9562370905806407
DFS,249,0.5857966673273738,0.7937515652077384,0.984531202008505,0.5862641657256706,0.7922874317703491,0.984588216059394
COP,249,0.5816114096836436,0.9221501120425344,0.9583234194987225,0.5868711198403279,0.9278651803934631,0.9578052336136402
K,249,0.5816574554037183,0.8141358019176329,0.957742447472291,0.588610445267399,0.8206804074791061,0.9570603239195453
CERN,249,0.5805314405153438,0.8790124487514261,0.9684995078920275,0.5890615923579746,0.8839683348296434,0.9681433060341906
STX,249,0.5895319657431959,1.036054552739194,0.9719058558004914,0.5927967943549943,1.0373841525339051,0.9718337014202151
REG,249,0.6024798165106986,0.7944851491806824,0.9184849835588677,0.5953993894701138,0.7850019684269054,0.920419338511906
CSX,249,0.5913958338734345,0.8061099907205992,0.93443559979543,0.5980731163114005,0.8116641235334116,0.9335290041520272
AKAM,249,0.598247871247157,1.1651265490379277,0.9727892369081409,0.5982343100502711,1.16579346044426,0.9727580774397367
TEL,249,0.6020139596661779,0.8117826456823636,0.9916180630973395,0.6093687375331184,0.8150287666786585,0.9915508944231685
WMT,249,0.6026580142662422,1.0284919032042814,0.9907209000545163,0.6095748802071277,1.0340260918263169,0.9906207719944669
DPS,249,0.6182493808449466,1.586135743207956,0.9222722953268534,0.6149339585814855,1.5895698233398639,0.9219353605848086
HOG,249,0.6141431382941213,0.8552061457661234,0.9650718212916465,0.6150897872499089,0.8558577516782699,0.9650185754669294
LLY,249,0.6089243614111559,0.8661024047509077,0.8828207494145707,0.6162341670350119,0.8699907585901028,0.8817662386124245
ETN,249,0.6145680157111219,0.8562259772288289,0.9395022192558524,0.6180537909890002,0.8617236944725295,0.9387228280874653
TJX,249,0.6148543090809248,0.8308285106241544,0.9416949516434685,0.6193792526668037,0.8328864174105486,0.9414057585013094
NWL,249,0.6219017838074854,1.5725844853827762,0.9691730141104143,0.6212676376078935,1.570601135058248,0.9692507233305819
LUV,249,0.6271634524091645,0.8517492057058608,0.9518369672525463,0.6248268548012993,0.8444688489994873,0.9526567989232471
DTE,249,0.6201593463098632,0.8044267423915252,0.9648247442077741,0.6277401207835835,0.810722693185412,0.964271982054875
CHRW,249,0.6335428177499253,0.9177580663329433,0.9876039301751481,0.6284942259776786,0.9169618079563614,0.9876254308144192
OMC,249,0.6399891094043585,0.9101790404521349,0.9741596120232913,0.6374413380067641,0.9072051543161995,0.974328196061401
AMAT,249,0.6406574879420669,0.8926425277315893,0.9810378176315929,0.6376429854967269,0.8916420946082794,0.9810802977155341
DGX,249,0.6363558818857243,1.0084135826852048,0.9711215647226376,0.6383594331287764,1.0131617002487225,0.9708489761363801
MU,249,0.6361397773765974,0.9101978912858754,0.984005381715979,0.6400331682246921,0.9112797495209203,0.9839673368174842
DISH,249,0.6396956613660896,0.9145978784246969,0.9810632285884637,0.6410256028092137,0.9152452912173759,0.9810364097043627
NCLH,249,0.6408331316321852,0.8649713354649116,0.9229492508945238,0.6453537142791828,0.8628325720468937,0.9233298174622732
ALLE,210,0.6468377906628311,0.9192113100384135,0.9124106371554831,0.6473018220954802,0.9248230250599722,0.9113379199165418
APC,249,0.6474689364513002,0.9208344649742292,0.9840388861446197,0.6476920114135774,0.9179746354930699,0.9841378728449452
ROST,249,0.6492131271705941,0.9836016558958013,0.9855532022307291,0.6514376721887456,0.9832292983653667,0.9855641382751846
AAL,249,0.6523209285365394,0.8925664637597281,0.9454472344618339,0.6528658422919632,0.8934895943573283,0.9453343344796187
ESRX,249,0.6538843278572712,0.9919778302572801,0.9720771909984194,0.6531376214568144,0.99018901369974,0.9721778056405257
V,249,0.651304989924653,0.9528446666903437,0.9916899331854018,0.6537442570396014,0.9524510750943502,0.9916967970469431
VLO,249,0.6545233257985844,0.855677366736442,0.9932074044935978,0.6563573952874857,0.862980670584096,0.9930909585118277
PCAR,249,0.6519864653404199,0.91493966743821,0.939137411470776,0.6568299824756513,0.9184846949989851,0.9386648610880406
PSX,249,0.6511387966025034,0.9050232304226874,0.98944215285192,0.6585915549992769,0.9113089385225919,0.9892949875586856
EMN,249,0.6512475144698378,0.8515049420413735,0.9805635898351498,0.6586068147180034,0.857750636707296,0.9802774163025343
TRIP,249,0.6653984233646383,1.1159912123728075,0.9283523447701646,0.6612427715201498,1.115377113490884,0.9284311744936238
MPC,248,0.6641415924180589,1.28011531535705,0.9613518680616363,0.6637518814740083,1.2851260897407868,0.9610487139870942
SLB,249,0.6729583560879797,0.8878454484599304,0.977163597150937,0.671920843980597,0.8863572035320747,0.9772400917170431
XLNX,249,0.6807099528101909,0.9992754517287411,0.9624905759173384,0.6721295366986336,0.994681092928089,0.9628346964265574
CTXS,249,0.6822503543288362,1.0301713106229786,0.9498055547401282,0.678737601703893,1.0299035651245667,0.9498316428094761
TAP,249,0.6781232092112047,0.9835724441872243,0.977091707224946,0.6804773274386242,0.9824248271898425,0.9771451341158175
AVY,249,0.67783685426405,0.9904501887400543,0.9943986592355278,0.6837604321054713,0.9984065784393539,0.9943083054672304
CBS,249,0.6900143482589951,0.8898923532713972,0.953735636888005,0.6882797320915742,0.8938091985891167,0.953327477068595
NUE,249,0.6838650372133303,0.9622895513379444,0.9387373392647607,0.6884476948155979,0.9695138486193698,0.9378140392347717
ECL,249,0.6763688369567258,0.9283036584904784,0.9465471200875116,0.6890314588501989,0.9406825776902664,0.945112027847246
MSI,249,0.6909107066624024,0.952278642261634,0.9615139581571045,0.689041862910097,0.9577425882515075,0.9610710438063946
WBA,249,0.6898039600124525,1.0025475105396442,0.9695520470449532,0.6897697466497383,1.005058780732778,0.9693993185176737
MAA,249,0.6810518638574528,0.9718300636125599,0.9496443104697515,0.690273812445086,0.9800412627446269,0.9487897837319974
DXC,40,0.6947320181018533,0.9596094905309119,0.8786905032364217,0.7014208378984499,0.9627630365537293,0.8778918790533667
LNC,249,0.7059643601306317,0.9787749255010322,0.9667684110480699,0.7029149693190428,0.9786596425590104,0.9667762388124055
CRM,249,0.7003539914010661,0.9640612556030241,0.988836084735096,0.7039525908981041,0.9672842276230996,0.9887613153556746
VRSN,249,0.7058078542168298,0.9503876085135416,0.992063113562327,0.7065396414173701,0.9515557003661467,0.9920435916122168
JWN,249,0.7093422282990055,1.0045851434964796,0.8850654695718186,0.7081193672281958,1.0048199586434023,0.8850117329164435
RMD,249,0.703939601703806,1.2794924117749318,0.9707031810365898,0.7081396845410357,1.2856696326470924,0.9704196158092605
GILD,249,0.7102472126601687,1.0472288217324803,0.9702784656404971,0.709280003810667,1.0478394258959092,0.9702437962673475
BHGE,28,0.733170401425112,0.9160508023474556,0.8377855970775372,0.7102055764936556,0.9099610534460515,0.8399351753919886
KSS,249,0.7087529582273808,0.9692355969984855,0.9842565822616074,0.7102360971452139,0.969012792429829,0.9842638195158716
TROW,249,0.7176226687529484,1.0373053513430364,0.9947584623130865,0.7150645533642296,1.0376224539429737,0.9947552571637492
DVA,249,0.7241779329732739,1.218024555537971,0.9628266094613778,0.7166974312977408,1.215697968224218,0.9629684859736874
SRE,249,0.7230157000088554,1.0036812445516026,0.9448472008278485,0.7176862655090772,0.9996965651102537,0.9452842518998353
JPM,249,0.7151302396172412,1.0028742605507373,0.9861371046798961,0.719273136976573,1.015970584438858,0.9857726753484831
RJF,249,0.7290642352064142,1.0201986602909583,0.9736120183465126,0.7212033919124875,1.018718887110678,0.9736885130721034
CAH,249,0.728386984355191,1.1504293192892614,0.9763542577485994,0.7247549671492206,1.1465038681158866,0.9765153486497486
HSY,249,0.7311619466653655,1.0442704931474858,0.8845475821796883,0.7257647718803216,1.0482392162790248,0.8836683667458418
IR,249,0.7292992161243438,1.03964511835352,0.933666374629438,0.729713794619462,1.0420351645898847,0.9333610345405527
HLT,53,0.7372657888289503,0.9504111548087051,0.9299834070891919,0.730979491710814,0.9427382434064973,0.9311093671740477
SRCL,249,0.7320120130808451,1.087822870157423,0.9719347714562714,0.7325539125522156,1.0875370017669617,0.971949520010943
SCG,249,0.7289891420886256,1.149729753083333,0.9885382208083466,0.735358113650243,1.1556496374105045,0.9884198850156981
ATVI,249,0.7386404016336686,1.0209391357141304,0.977895326630997,0.7372929796631028,1.0198486982452832,0.9779425202215771
VNO,249,0.7447860035068045,1.5161140991406505,0.9847789748065076,0.7384565782634435,1.5066236995241824,0.9849689360957634
KMX,249,0.7356542084682224,1.0170357540451753,0.962374259721313,0.7399402281283872,1.0197864250964668,0.9621704596255002
CVS,249,0.7342286824971066,1.0895224214172432,0.9071447034308425,0.740160498862439,1.0944721732449012,0.906299094967268
DOV,249,0.7397150813746677,1.0561999423176034,0.9841249485412488,0.7429416132228414,1.0609103083734068,0.9839830359283116
EXR,249,0.7404728163105834,0.9793236290919568,0.941964400707922,0.7489304493568191,0.9855143717717585,0.9412283436038008
CCI,249,0.7503862273866896,1.0376412362991896,0.9746377581113498,0.7492461747118249,1.0359348521615785,0.974721105112184
TGT,249,0.7498705199282142,1.183250335320325,0.9641851918876574,0.7497294205947836,1.1815478651982685,0.964288179014281
HES,249,0.7468782942471078,0.9556530481908392,0.9351388406125175,0.7500454093049409,0.9585604393461139,0.9347435850000336
FISV,249,0.7270773058751681,1.0738384984635387,0.9732354500488789,0.7535765586249289,1.1090163067740348,0.9714531712850782
MAC,249,0.7496168889505914,1.0136980539902052,0.945388673977863,0.7538959412168159,1.0186962378123792,0.9448488083381947
APA,249,0.7493337549475297,1.0205477076306142,0.9459421140376376,0.754966122448255,1.0224308163102074,0.9457424353925458
UTX,249,0.739447745883768,1.1402855439562924,0.968998199159224,0.7554502242273929,1.158272034294323,0.9680124611548213
EL,249,0.7435863341789195,1.25203579903789,0.9942315786353727,0.7562184983173657,1.2605001217502707,0.994153320773931
STT,249,0.75480238519049,1.0304293843224557,0.9851536515632209,0.7570490716999712,1.0371115930338484,0.9849604737073461
CBOE,249,0.7430105210702886,1.2706947291472774,0.9947404822318159,0.7624550778430674,1.2991585497977352,0.9945022146304817
IQV,237,0.7677488343658142,1.038285557772886,0.9854697830395169,0.7631580100856848,1.0364438110814296,0.985521285719179
CMA,249,0.7645434367216212,1.0366555645364075,0.982084213121051,0.7652153798183254,1.0370680014729874,0.9820699545719141
NTRS,249,0.7631289398468745,1.1234676508040946,0.9598988021903678,0.7683793310358215,1.1333283897817263,0.9591917719728004
DRI,249,0.7728248467366795,1.142749161258096,0.9676829264675056,0.7715778217157914,1.1451696776650944,0.9675458765277044
ARE,249,0.7823829868069215,1.0937045729818469,0.9587465639566634,0.7744930224160037,1.085100439243511,0.9593930893529845
DIS,249,0.7689681603741683,1.110705585061491,0.9509199443656274,0.7759945764110925,1.1125708176122038,0.9507549634994641
HON,249,0.7684148882494231,1.0889845074960396,0.9893986717699882,0.7760399454924974,1.0967004107689817,0.9892479100065643
PPG,249,0.7744501696464474,1.1707291512255624,0.9520185467527981,0.7768272613943348,1.1688150289058703,0.9521753162158905
MKC,249,0.7772720846367335,1.1593010424130827,0.8503291078079305,0.7781666656555997,1.168786087844758,0.8478699661873195
HSIC,249,0.7728326741034405,1.1577144351952935,0.9764201896157125,0.7794728449951319,1.1605133281545643,0.9763060385937604
TXN,249,0.7815823188384593,1.2629523242892886,0.9868048084084782,0.7797607471289466,1.2599172891268158,0.9868681516552847
JNJ,249,0.7734418245894228,1.1778125924821066,0.9714592700635165,0.7865798038846966,1.1940399650211173,0.9706674097372533
TSCO,249,0.7981391579971476,1.1164441957069648,0.980243858119629,0.7945754252832933,1.1125713708015754,0.9803806842548086
ABBV,249,0.8027622934472497,1.5024480111712688,0.9900859072675894,0.8015293314722962,1.5056897787617822,0.990043078687912
BBY,249,0.804534229314938,1.3028395168383218,0.9722329659276439,0.8023493410692497,1.300063426241503,0.9723511718557067
PYPL,128,0.8005614160838372,1.2870659106803402,0.9708295911693894,0.8039068057431714,1.2904112707138362,0.9706777538129837
GPC,249,0.7987808963766181,1.1545581601330248,0.959815138954768,0.8056852069220932,1.1619075717112577,0.9593019121981432
GPN,249,0.7985562333175349,1.0980533390203993,0.9851709929324594,0.8166254135518946,1.1153899448652234,0.9846990411049722
ADI,249,0.8195781767763403,1.1509939137401768,0.9484622288438458,0.8178250108157703,1.1490543803584583,0.9486357745177505
VAR,249,0.8117716711912031,1.3731277861311935,0.9790286407011122,0.8200964596788746,1.3750266644730622,0.9789705986236785
AIZ,249,0.8202875562841967,1.2291087155591136,0.901151456135911,0.8277365984248125,1.2327146700270148,0.9005706023677417
PM,249,0.8274684612535087,1.1121783347933305,0.9623423395318942,0.8279985406671339,1.113640978668352,0.962243225994355
LOW,249,0.8169962544938685,1.2074241896935813,0.9735972074440906,0.8290155949791165,1.210986080524778,0.9734412016595168
DG,249,0.8287415965986166,1.1365848564764767,0.9852826499885539,0.8313149555657297,1.1408682710740936,0.9851715112539532
FMC,249,0.8315372529683996,1.2407952332404921,0.988449095548707,0.8322309878282005,1.2435778345429354,0.9883972294532177
FL,249,0.8436122510439932,1.6213765859715277,0.9890990098731884,0.8329752518063531,1.617087581432115,0.989156606062958
UPS,249,0.8358725213688015,1.2135273600707068,0.9715791800224394,0.8369251768987326,1.2124851727083084,0.9716279751324806
TRV,249,0.822008661129446,1.2131138122814669,0.9680751038413813,0.840419140725581,1.2241240131562794,0.9674929744188171
AON,249,0.8163133097184668,1.1283257376252722,0.9873940617373146,0.847852661841892,1.148640721996426,0.9869360471475997
COF,249,0.848678752741838,1.1599473248374423,0.9756689206429866,0.8484927121452972,1.15904900928919,0.9757065922215244
SLG,249,0.8547897417213478,1.120439221786362,0.9408288787953417,0.8530568466623999,1.12451352767108,0.9403977629076123
HCA,249,0.8510509056464147,1.1767923990089724,0.950545050818873,0.8532798788821278,1.175489680278524,0.9506544842731938
CVX,249,0.8438850746455643,1.2524613768664619,0.9734427122127712,0.8549245698964708,1.2657267378959556,0.9728771735771631
ACN,249,0.8479189740997746,1.1669993034960306,0.991946581316982,0.8559093750412536,1.1659401948203798,0.9919611924227929
EQT,249,0.8652150670736067,1.3903591086508242,0.8368194366044777,0.8637963415228256,1.3872413368274443,0.8375504554218163
HP,249,0.8725446321154101,1.118569897309731,0.9807729433156223,0.8648510495809163,1.1163474792039307,0.9808492695418732
ADP,249,0.8749156898671754,1.3379934760475034,0.9618300841484254,0.8760572226945534,1.3353156681847507,0.9619827148172049
DLTR,249,0.8858113884625586,1.209077210083123,0.992239740871563,0.8831362710272844,1.1939455639423164,0.9924327652738187
MCHP,249,0.8842294731706313,1.305100924021479,0.9683066866547076,0.8839910069941376,1.3053508087426955,0.9682945489988298
LYB,249,0.883889389872747,1.3005253288170162,0.986283974782639,0.8912153818434981,1.301366073176891,0.9862662351846508
MCD,249,0.8836999750613111,1.3589372301059117,0.991931816621624,0.8950290719413294,1.3674961079381005,0.9918298662818311
COL,249,0.8781449989808686,2.049497163118178,0.983180876841174,0.8971624004292447,2.056384289721053,0.983067649012203
WYN,249,0.896131428283797,1.354380304532199,0.9847745312663422,0.8983884622923665,1.3498892041348962,0.9848753386045935
PRU,249,0.8831030460940835,1.2678826289314091,0.9455695493072903,0.9031256970969777,1.2959329387004763,0.9431344971444857
TIF,249,0.8920418115045945,1.2677507259648668,0.9481329559141116,0.9035341017911054,1.2767699868037,0.9473923269370871
LB,249,0.9048665632721081,1.4039765409268705,0.9461607691922085,0.9065522875989867,1.4046968180900208,0.9461055131182327
RHT,249,0.8925704199106562,1.385632631495398,0.9929803771568201,0.9074946565445129,1.4008807073150327,0.9928250334218016
MAR,249,0.9015660244749883,1.3113988360771007,0.9935499948532462,0.9148291212501525,1.3327133928834347,0.9933386232385799
HRS,249,0.894943162695109,1.332329270559331,0.9916074565754603,0.9173834652524283,1.3469985092753056,0.9914216316866596
PKG,249,0.9224570712734712,1.28229338250069,0.9852634392336858,0.9189301710412265,1.2899794523483794,0.9850862478109291
KMB,249,0.9191259106235364,1.2221294113721053,0.9675316192295726,0.9200472332042038,1.221749952450322,0.9675517783125007
NEE,249,0.9184637964805071,1.2555131558873498,0.9825844349498312,0.9256520402087077,1.2630488510297377,0.9823747481930882
MA,249,0.9167148888597078,1.3411895331222436,0.994091566375338,0.9271310358903888,1.3625514122897275,0.9939018535978735
ABC,249,0.9355465050901053,1.379746305119967,0.959838850362351,0.929503387708303,1.376841581371949,0.9600077716314319
CB,249,0.9339593415007581,1.307044128196139,0.9420735937086266,0.9419723370770805,1.3136530537630207,0.9414863156335284
KSU,249,0.9419461310710232,1.3156132970395322,0.9767330494431691,0.9421385358571949,1.319081850844123,0.9766102032322176
IT,249,0.9353205244841694,1.3115876832406004,0.9743605622059677,0.943086270361208,1.3195315960750174,0.9740490401175351
CME,249,0.9494747433748576,1.3421331185580225,0.9882936303885789,0.9463783919005535,1.3407921263338578,0.9883170115390804
HAS,249,0.9368030723741934,1.5559709932168124,0.9368149906340656,0.9468335593594498,1.5656821518252286,0.9360238262026359
JBHT,249,0.9398405090438329,1.2481235781890736,0.9862101229797786,0.9490256386395679,1.250291783589932,0.9861621705871514
APD,249,0.93867736109015,1.368737377423991,0.9810550277739648,0.9539452402518618,1.382708935336341,0.9806662874457029
ANDV,249,0.9607481988038981,1.2742091739681813,0.9880872905377595,0.9579969626176948,1.2741213667072147,0.9880889323189813
MCO,249,0.9374661122150707,1.3784866123399586,0.9922897184127706,0.9596645648793807,1.3891653865685867,0.9921697966454532
BXP,249,0.946839497326625,1.2994022594130226,0.9414428378396213,0.9617659159484155,1.3151560344614397,0.9400143526062067
UAL,249,0.9605640617128578,1.4518687806137078,0.9548874223335886,0.9647523042007938,1.4546900226774646,0.9547119282929896
EOG,249,0.9689765628111051,1.285195675180849,0.9732513651590928,0.9720930297957863,1.2952567915968343,0.9728309240733825
ITW,249,0.9877458231930923,1.440108901246646,0.9873905006256736,0.9850680055260511,1.4386323380700448,0.9874163447509632
ZBH,249,0.9869384390972881,1.4568399252878486,0.9185316004814247,0.9874632718737739,1.4518271156752638,0.9190912817017378
CLX,249,0.9802684137533032,1.4110103800618494,0.9270067250670523,0.9884397089632475,1.4253532122552934,0.9255152388257973
SYK,249,0.9817313506383192,1.523095796501137,0.9770448860137609,0.9910364803642809,1.5194598352257458,0.9771543529067305
UNP,249,0.9825906720260833,1.4546104976384346,0.9812897418283372,0.9973893758916559,1.4706912956553548,0.9808737693290305
SJM,249,0.9954055007893868,1.5987197564935545,0.9779386158487635,1.0041577985659016,1.6028762421541916,0.9778237526548177
PRGO,249,1.013010083911898,1.6235377711297836,0.9574678842341339,1.011034815412438,1.616731766832201,0.9578237330710078
INTU,249,0.9961462223753893,1.5826905548336274,0.9880273543498883,1.0161430818222383,1.5935548417951828,0.98786241913724
BHF,26,1.0198741105216131,1.280546417011708,0.7689357508214787,1.0167426755184295,1.2895556287521597,0.7656730348688798
DWDP,19,1.0336391441640154,1.5106440921005404,0.6069838466000552,1.022851938023166,1.4910905946170134,0.6170922564245254
PX,249,1.0183325790488642,1.4270984493840466,0.9886666151295903,1.0260005106834864,1.43293849167604,0.9885736672678053
IBM,249,1.0420904762986374,1.707223474755927,0.9765784387857978,1.0320141987896592,1.6960454070218867,0.976884140653867
PNC,249,1.0188073121623022,1.4410498805745675,0.9812830763275191,1.033186858610754,1.4568397883268807,0.9808706580717611
ALK,249,1.0299556697727459,1.4621151653689428,0.9803153251634547,1.034872141155557,1.4608325740891368,0.9803498454518378
CTAS,249,1.0136388845535698,1.5661690457773176,0.9887472290478755,1.0425423676127992,1.5861131309191572,0.9884588116777123
EW,249,1.039046677564947,1.6127769871106878,0.9716093342360305,1.0431444136735175,1.6142947111054902,0.9715558743096845
RL,249,1.0474548260345387,1.4858902606603281,0.9840227146570902,1.0451163757559914,1.4833910462061943,0.9840764159061631
DE,249,1.0268772426770898,1.5510106251366396,0.9923019210518903,1.0486907913864876,1.5681455494568144,0.9921308911188618
SWK,249,1.0303614307963427,1.4221926026807281,0.9902958300430211,1.0530968542128405,1.4449465654528568,0.989982827850162
BRK.B,249,1.0381406451974704,1.5961632193624824,0.9868783097051533,1.0542974968549175,1.598954201923155,0.9868323815362522
QRVO,154,1.0514339052528143,1.634249798052139,0.8474110677133325,1.058454295474182,1.643234349475994,0.845728691370708
WLTW,103,1.0742564293234862,1.4321975643488487,0.8667935752360285,1.0611333086079586,1.3984278658480518,0.8730012491804665
IFF,249,1.0519225819420093,1.4568895997210478,0.9747541968750085,1.076472514813418,1.4686264848938508,0.9743457916863617
CAT,249,1.0788912461552733,1.6118706210058062,0.9948541897801002,1.0779888585257684,1.6185486219056888,0.9948114631375146
AMT,249,1.0803505651731855,1.439491321391128,0.9809270406270397,1.086218376552842,1.4467636137445785,0.9807338411261735
CNC,249,1.0891542887175658,1.5161761514370167,0.985091782870107,1.0873898871044887,1.5142154495625972,0.9851303162145633
PVH,249,1.0855126559176433,1.518048676111786,0.9919986673809045,1.0908662380965395,1.5328738113958238,0.9918416235904693
DLR,249,1.0999762064431393,1.5531421825119656,0.9150252856168312,1.1055518135503068,1.556602527056624,0.9146462226438541
ANSS,249,1.0727855033116473,1.7090554926933779,0.9895213471305292,1.1078696398158008,1.745441305058879,0.9890704162321159
RTN,249,1.10994438857411,1.5907450907573055,0.9896440714279784,1.131761727116274,1.6086424796617518,0.9894097325254964
SPGI,249,1.1087378733123776,1.7337991599101057,0.9870999661502319,1.1384740679931744,1.7544161038164892,0.9867913484426519
AVB,249,1.1353345461101572,1.5883338285311144,0.9519670657271944,1.1407649711243915,1.5962911679402079,0.9514845830459371
FRT,249,1.1320337265868803,1.464515481983823,0.9211417055369656,1.14773956606904,1.4726597421537961,0.920262195215075
LH,249,1.162238145401689,1.7633912344824128,0.965952120521141,1.1613641767630738,1.76595969154454,0.965852863813324
HD,249,1.1622765367645864,1.6760964986408953,0.9893149252219189,1.1694651080033318,1.6766700224741806,0.9893076115696205
EA,249,1.1576729634604948,1.7830453679559781,0.9738640519248322,1.172014036884539,1.7951143807858267,0.9735090383608075
RCL,249,1.1755784170779748,1.6202868344646764,0.9778818738768806,1.1753937850521388,1.615493319273333,0.9780125504204844
UHS,249,1.1664110998505421,1.6317657551346303,0.9512103515582675,1.1808458288745443,1.6427197393431523,0.9505531066338454
KLAC,249,1.1984562655220918,1.7308795878409675,0.9318466817612309,1.1841355756791,1.7098521857261049,0.933492529786753
SIG,249,1.1978772108522366,2.136672785400009,0.8915670192248721,1.2004358420270247,2.14396772623908,0.8908253403811206
WDC,249,1.218047411424147,1.6311297740376478,0.8932331029707526,1.224284470605485,1.6449025833425641,0.8914224704872633
AET,249,1.2087990267540343,1.9353273324033575,0.9893535265476677,1.2334309186650179,1.9262515449674662,0.9894531464567782
ADSK,249,1.2287184627574432,2.135844442468647,0.9704268308457368,1.242028175575569,2.1331538303803583,0.9705012930172894
SBAC,249,1.2217804963836223,1.7706084417469004,0.989791044709599,1.2423685113610554,1.7797505734016936,0.9896853493346824
SWKS,249,1.236009928571606,1.7646129660932146,0.8607867000912537,1.2459683338475955,1.7726136749366024,0.8595214594037639
FFIV,249,1.2359892270266097,1.8599103710421707,0.9606917144524459,1.25656104597637,1.8733588298350827,0.9601212062483843
EFX,249,1.2370702162641,2.94100139996019,0.9498029915885103,1.2572207084636775,2.9362482094216156,0.9499651153728339
NSC,249,1.2777959019878424,2.1458217559882953,0.9649114704505709,1.272621188953956,2.1349179540818426,0.9652671629069149
CELG,249,1.3237359930750234,2.24711478334401,0.972766556264986,1.3248960771516982,2.2336754062130706,0.9730913336633399
AAPL,249,1.3064758967460743,1.889957982052958,0.9755448264272646,1.3324262488282785,1.9077043142389813,0.9750834117540242
AMP,249,1.3495521634240533,1.8778277644619512,0.9876893299781392,1.346370520499126,1.8676648419474078,0.9878222216413978
MMM,249,1.2895504930110115,2.0998414041068836,0.9873742475097185,1.3510765623461962,2.15520177178067,0.9866997393328788
CMI,249,1.320808767114649,1.8892581711546304,0.9698950868525615,1.356710845157724,1.9348223980137969,0.9684254643288647
STZ,249,1.3285709343776209,1.9629935514662027,0.9913916065988431,1.3836814316911563,2.0367956761448025,0.9907321437546617
PH,249,1.3905587275747333,1.9201057329556808,0.9865295122346224,1.3847358158472935,1.9140291557814082,0.9866146376881646
FB,249,1.3945759226899173,2.0448557431491152,0.9840136243153327,1.385413337567159,2.031899560160366,0.9842155615392794
MTB,249,1.3875268485717747,1.9263394903221451,0.9574896564582842,1.388926202255782,1.9070124979314116,0.9583383911101466
TMO,249,1.3575697072131112,2.053911005976985,0.9847677760615909,1.3905518685517735,2.107047903595224,0.9839694327458517
WAT,249,1.3773433285888406,1.9817501455275985,0.985340024836898,1.3944003205909192,2.0019109194389157,0.9850402294006501
XEC,249,1.3865052400459807,1.822402860949773,0.9728486163648052,1.3953202175549728,1.8304894603920336,0.9726071225616507
LLL,249,1.374006423610782,1.8596811672218931,0.98168817093832,1.3960848025718344,1.885280599838659,0.9811805582519364
ALB,249,1.3964987833229214,1.9913150683520353,0.9778754846502378,1.4000030022360812,2.002789393008054,0.9776197789798995
COST,249,1.3890795631056423,2.1610024257091744,0.9683926709486909,1.4012733230359182,2.1616102168561118,0.9683748890562817
ADBE,249,1.4015611552323803,2.307765935172046,0.9894294238366996,1.4152121783073566,2.316603045548898,0.9893483131829853
AMGN,249,1.3972774040469227,2.0584573776249546,0.9494385872608371,1.4219702721135943,2.0917400721102712,0.9477903387961798
SNA,249,1.4242464090602809,1.946923312438755,0.9634911006659651,1.445436855373207,1.9526351675031028,0.9632765678833498
UNH,249,1.4397699444663938,2.139439398453947,0.9905853871260807,1.4560835461482309,2.173847076826497,0.9902801297535037
ROK,249,1.4452767157289983,2.165872445542462,0.9841671471726915,1.474080006606475,2.1994460891736973,0.9836724859824438
APTV,6,1.4678957060031905,1.6974493719300865,-0.1697419519325476,1.4755407892548387,1.7209747911675688,-0.20239018839407974
GD,249,1.4316105536831474,2.0490882084830253,0.9345892951245166,1.4783976451691023,2.0833525915850495,0.932383439526869
CI,249,1.4678552847611017,2.1339383549315283,0.9899751161394189,1.4930668481943377,2.1852678244330965,0.9894870414093697
BDX,249,1.467057656786822,2.2701791514709155,0.9814266235285585,1.4933764284193953,2.2790351364283263,0.9812814311351156
EXPE,249,1.4940616527806296,2.3605714843194074,0.96076285974535,1.4965845392490789,2.350397733319376,0.9611003446907291
VMC,249,1.5105906364302,1.891281683770987,0.8940639867029256,1.4995269376208433,1.896003848657366,0.8935343227856579
CXO,249,1.5203512081025043,2.08060331913709,0.9716952802351991,1.5231569034849706,2.089886493062741,0.9714421384506313
ROP,249,1.496830716134096,2.266022077845768,0.9883738196741202,1.5495698600391399,2.290142944352306,0.9881249905953212
AMG,249,1.517429233947009,2.19079569232261,0.9817975837703697,1.5526411390029027,2.2316873850032666,0.981111737861517
IDXX,249,1.5571098122981413,2.2412166022993376,0.9395000901667883,1.577526715893254,2.257803630547735,0.9386012683692219
SPG,249,1.6353756546070901,2.100280388417195,0.909672910575877,1.6366947907421856,2.1207727021904765,0.9079016792939355
WHR,249,1.6337937357676502,2.53018820351838,0.9248585468328443,1.6568363300959235,2.533421233801374,0.9246663952750674
ANTM,249,1.6941605422058958,2.5160934237286683,0.9890949686943635,1.6995120327963378,2.5186585822711565,0.989072721989803
AAP,249,1.7208843127524085,2.7701825854328903,0.9867137589502922,1.720094496884822,2.7697669362494786,0.9867177456917939
PSA,249,1.7123129769134795,2.35953373402848,0.9337588326956541,1.722150241313966,2.3591268671299805,0.9337816753566632
MCK,249,1.727131462526071,2.424799671692529,0.9366060053477944,1.7370936609718193,2.4386940241129196,0.9358774155976232
MHK,249,1.674396405674077,2.2613141207797733,0.9833143789060858,1.7411117469419242,2.3299416375730786,0.9822862433975644
FDX,249,1.7291433013707442,2.386879964741873,0.9890934063636312,1.7685385020544684,2.416243261156909,0.9888234108721538
ALXN,249,1.7481491458865543,2.353631120722858,0.9579850516876319,1.7748801077304606,2.371675074329367,0.9573383727810985
URI,249,1.7963077678479618,2.3424658110058525,0.9896501757176135,1.7806353488032414,2.3361355609146224,0.9897060386033598
ESS,249,1.7357060211498934,2.3240965229990165,0.9705196502069685,1.791313217017871,2.4193665225203445,0.9680531793128362
VRTX,249,1.875408846654211,3.128722015945131,0.98155143724042,1.8925982320877863,3.142050356135677,0.9813939208732949
WYNN,249,1.8836059574041342,3.08935508524231,0.9790211386765081,1.9067949705214893,3.168399599245051,0.9779338708843004
LMT,249,1.8046117425520178,2.5589138298473055,0.9876125655549545,1.9179475285800995,2.6500220498034905,0.9867147717190722
NOC,249,1.81165037178523,2.671080227717741,0.9903034187098679,1.9269687068693044,2.748989237770494,0.9897295172674933
INCY,249,2.0460584663349595,2.9151860679441834,0.9660702617868019,2.0349282009550964,2.9169684445568342,0.966028759077769
COO,249,2.064592035011178,3.1862302095482935,0.9716706666491737,2.0767288932000247,3.1926938191529057,0.9715556118866704
PXD,249,2.0831905083270494,2.9686976335588926,0.9740770492014567,2.084925465027786,2.9709888718873394,0.974037019136728
HII,249,2.0367340736593187,3.097255233372945,0.969007170886821,2.1236022603616798,3.2179462271900228,0.9665447102111069
AGN,249,2.079261456915791,2.781629339606959,0.9911334937335153,2.126596683269597,2.7850681083521978,0.9911115578769802
BA,249,2.1530429399180426,3.604901286749434,0.9948463896780511,2.156987671564881,3.5756297084671744,0.9949297438850823
HUM,249,2.140798101675155,3.0103346352415135,0.9744506389080448,2.2151951375791374,3.0454733875496673,0.9738506973740614
RE,249,2.180372771074321,3.329619421509937,0.9537023530179888,2.2584232722316955,3.409280535803999,0.9514605104409997
ILMN,249,2.226166960774349,3.3567895983676546,0.9778753106065758,2.284707087021998,3.4864154897861654,0.9761335829312382
GS,249,2.241677172814269,3.068563267627266,0.9534167486197814,2.33861549533917,3.1524101353227447,0.9508362429270186
NFLX,249,2.386994287984506,3.789502870171056,0.9837912290065156,2.37590449267216,3.794723865003133,0.9837465349085048
LRCX,249,2.385013386955091,3.374758740071793,0.9854993923498545,2.392574642091601,3.403516434516596,0.9852512082235115
ALGN,249,2.5472625250668757,4.452546003084556,0.9925997662281447,2.5266624765941015,4.418829055049929,0.992711418562076
AYI,249,2.5772230557168725,4.1741719946950235,0.9430759250450654,2.63203446123791,4.211835665401199,0.9420440355273341
ADS,249,2.6262019711287805,3.9890128702001673,0.9211076984814103,2.6772669212681874,4.068426101229531,0.9179352568398158
GWW,249,2.6375638313076837,4.665595145221446,0.9793881196873474,2.7068002983024924,4.723640949758187,0.9788720544496093
MLM,249,2.764551371232959,3.614144772897187,0.8837937697831971,2.709444696294449,3.5982634249628584,0.8848127974634981
NVDA,249,2.7895793956946973,4.129526082397944,0.9902234610388371,2.7911481308731143,4.153074126122011,0.9901116444495691
SHW,249,2.65301072398463,3.6367139592774733,0.9900637647813666,2.8529691456539585,3.7589707399729333,0.9893844752526108
TDG,249,2.765703456799273,3.8301076333586668,0.962505231591154,2.8590891585109626,3.8776210550137766,0.9615691979786232
ORLY,249,2.8132682236482993,4.52988736895533,0.9743222605298152,2.8657640743540997,4.575165270281308,0.9738063781079187
AVGO,249,2.8704421289828557,3.9560322213660344,0.9513480523697753,2.8746913244220864,3.961766468766545,0.9512069086781773
ISRG,249,3.088636320251945,4.783302239193228,0.992226928672609,3.1535711887077107,4.811850320100556,0.9921338680808864
ULTA,249,3.2395525824248836,4.505329773883302,0.9821772178745732,3.3060736007139173,4.57678405242922,0.9816073981128102
BIIB,249,3.3111243241441723,4.561521583670479,0.9736952965804362,3.4702431598711305,4.671339565808967,0.9724134864337087
BLK,249,3.3101913743394746,4.729767737113337,0.992638800617154,3.7334295867030085,5.216314566526095,0.9910464245286708
CHTR,249,3.7534097312616757,5.358779325594558,0.9462556390730856,3.9210502449931526,5.5175331907520455,0.9430241168828793
EQIX,249,3.6636291773635388,5.051454940601465,0.9694603466564419,4.113066301518992,5.560603754926755,0.9629937538260526
MTD,249,4.524889351998264,6.371710352413476,0.9898758265764384,4.947552267938124,6.68334536209752,0.9888612788168413
CMG,249,4.9804269902494545,7.2068614153584285,0.9894462752291374,5.431976267632516,7.712516316531422,0.9879133592437214
REGN,249,6.031094555929523,7.928887337640902,0.9744964226952529,6.120226256308822,8.155153748845864,0.9730200640541931
AZO,249,7.494825039363673,10.752825276898454,0.9841634030811309,7.31069796990745,10.629900241940977,0.9845234176588555
GOOG,192,8.169381904849475,11.744230642040394,0.9714955074546502,11.230851601277399,14.948955322668601,0.9538166046714434
GOOGL,249,7.429924434781353,11.011069976719988,0.9833073793979955,11.598630061879453,15.866113943825729,0.9653417511943905
AMZN,249,9.656501613915818,15.103400708766072,0.988488996372549,14.068856128916785,19.256337385058703,0.9812883935733144
PCLN,249,14.202619158347586,26.206509550166498,0.9151738596456636,251.9537253226245,267.4509211365794,-7.834857330301585
